{
    "conversionFactor": {
      "angle": 34.666666615308642051394604368304,
      "drive": 0.05319763560078716550463409462353
    },
    "currentLimit": {
      "drive": 40,
      "angle": 20
    },
    "rampRate": {
      "drive": 0.25,
      "angle": 0.25
    },
    "wheelGripCoefficientOfFriction": 1.19,
    "optimalVoltage": 12
  }